id,symbol,entry_price,exit_price,size,direction,pnl,net_pnl,fees,slippage,roi,position_value,duration,timestamp,entry_time,exit_time
1,UNKNOWN,0.0,3.8842,1.415993,BUY,0.0,0.0,0.0,0.0,0,0.0,0 days,2025-09-05 08:41:44.111417,2025-09-05 08:41:44.111417,2025-09-05 08:41:44.111417
2,UNKNOWN,0.0,3.8842,1.415993,BUY,0.0,0.0,0.0,0.0,0,0.0,0 days,2025-09-05 08:42:50.355364,2025-09-05 08:42:50.355364,2025-09-05 08:42:50.355364
3,UNKNOWN,0.0,3.8842,1.415993,BUY,0.0,0.0,0.0,0.0,0,0.0,0 days,2025-09-05 08:43:56.739369,2025-09-05 08:43:56.739369,2025-09-05 08:43:56.739369
4,UNKNOWN,0.0,3.8842,1.415993,BUY,0.0,0.0,0.0,0.0,0,0.0,0 days,2025-09-05 08:45:02.805040,2025-09-05 08:45:02.805040,2025-09-05 08:45:02.805040
5,UNKNOWN,0.0,3.8842,1.415993,BUY,0.0,0.0,0.0,0.0,0,0.0,0 days,2025-09-05 08:46:09.426021,2025-09-05 08:46:09.426021,2025-09-05 08:46:09.426021
6,UNKNOWN,0.0,3.8842,1.415993,BUY,0.0,0.0,0.0,0.0,0,0.0,0 days,2025-09-05 08:47:15.480744,2025-09-05 08:47:15.480744,2025-09-05 08:47:15.480744
7,UNKNOWN,0.0,3.8842,1.415993,BUY,0.0,0.0,0.0,0.0,0,0.0,0 days,2025-09-05 08:48:22.089277,2025-09-05 08:48:22.089277,2025-09-05 08:48:22.089277
8,UNKNOWN,0.0,3.8842,1.415993,BUY,0.0,0.0,0.0,0.0,0,0.0,0 days,2025-09-05 08:49:28.151834,2025-09-05 08:49:28.151834,2025-09-05 08:49:28.151834
9,UNKNOWN,0.0,3.8842,1.415993,BUY,0.0,0.0,0.0,0.0,0,0.0,0 days,2025-09-05 08:50:34.211661,2025-09-05 08:50:34.211661,2025-09-05 08:50:34.211661
10,UNKNOWN,0.0,3.8842,1.415993,BUY,0.0,0.0,0.0,0.0,0,0.0,0 days,2025-09-05 08:51:40.996810,2025-09-05 08:51:40.996810,2025-09-05 08:51:40.996810
11,UNKNOWN,0.0,3.8842,1.415993,BUY,0.0,0.0,0.0,0.0,0,0.0,0 days,2025-09-05 08:52:47.059400,2025-09-05 08:52:47.059400,2025-09-05 08:52:47.059400
12,UNKNOWN,0.0,3.8842,1.415993,BUY,0.0,0.0,0.0,0.0,0,0.0,0 days,2025-09-05 08:53:53.311079,2025-09-05 08:53:53.311079,2025-09-05 08:53:53.311079
13,UNKNOWN,0.0,3.8842,1.415993,BUY,0.0,0.0,0.0,0.0,0,0.0,0 days,2025-09-05 08:54:59.366669,2025-09-05 08:54:59.366669,2025-09-05 08:54:59.366669
14,UNKNOWN,0.0,3.8842,1.415993,BUY,0.0,0.0,0.0,0.0,0,0.0,0 days,2025-09-05 08:56:05.604069,2025-09-05 08:56:05.604069,2025-09-05 08:56:05.604069
15,UNKNOWN,0.0,3.8842,1.415993,BUY,0.0,0.0,0.0,0.0,0,0.0,0 days,2025-09-05 08:57:12.032284,2025-09-05 08:57:12.032284,2025-09-05 08:57:12.032284
16,UNKNOWN,0.0,3.8842,1.415993,BUY,0.0,0.0,0.0,0.0,0,0.0,0 days,2025-09-05 08:58:18.271741,2025-09-05 08:58:18.271741,2025-09-05 08:58:18.271741
17,UNKNOWN,0.0,3.8842,1.415993,BUY,0.0,0.0,0.0,0.0,0,0.0,0 days,2025-09-05 08:59:24.333987,2025-09-05 08:59:24.333987,2025-09-05 08:59:24.333987
18,UNKNOWN,0.0,3.8842,1.415993,BUY,0.0,0.0,0.0,0.0,0,0.0,0 days,2025-09-05 09:00:30.758166,2025-09-05 09:00:30.758166,2025-09-05 09:00:30.758166
19,UNKNOWN,0.0,3.8842,1.415993,BUY,0.0,0.0,0.0,0.0,0,0.0,0 days,2025-09-05 09:01:37.184159,2025-09-05 09:01:37.184159,2025-09-05 09:01:37.184159
20,UNKNOWN,0.0,3.8842,1.415993,BUY,0.0,0.0,0.0,0.0,0,0.0,0 days,2025-09-05 09:02:43.434582,2025-09-05 09:02:43.434582,2025-09-05 09:02:43.434582
21,UNKNOWN,0.0,3.8842,1.415993,BUY,0.0,0.0,0.0,0.0,0,0.0,0 days,2025-09-05 09:03:49.680295,2025-09-05 09:03:49.680295,2025-09-05 09:03:49.680295
22,UNKNOWN,0.0,3.8842,1.415993,BUY,0.0,0.0,0.0,0.0,0,0.0,0 days,2025-09-05 09:04:56.098992,2025-09-05 09:04:56.098992,2025-09-05 09:04:56.098992
23,UNKNOWN,0.0,3.8842,1.415993,BUY,0.0,0.0,0.0,0.0,0,0.0,0 days,2025-09-05 09:06:02.336239,2025-09-05 09:06:02.336239,2025-09-05 09:06:02.336239
24,UNKNOWN,0.0,3.8842,1.415993,BUY,0.0,0.0,0.0,0.0,0,0.0,0 days,2025-09-05 09:07:08.752282,2025-09-05 09:07:08.752282,2025-09-05 09:07:08.752282
25,UNKNOWN,0.0,3.8842,1.415993,BUY,0.0,0.0,0.0,0.0,0,0.0,0 days,2025-09-05 09:08:14.997415,2025-09-05 09:08:14.997415,2025-09-05 09:08:14.997415
26,UNKNOWN,0.0,3.8842,1.415993,BUY,0.0,0.0,0.0,0.0,0,0.0,0 days,2025-09-05 09:09:21.251402,2025-09-05 09:09:21.251402,2025-09-05 09:09:21.251402
27,UNKNOWN,0.0,3.8842,1.415993,BUY,0.0,0.0,0.0,0.0,0,0.0,0 days,2025-09-05 09:10:27.322737,2025-09-05 09:10:27.322737,2025-09-05 09:10:27.322737
28,UNKNOWN,0.0,3.8842,1.415993,BUY,0.0,0.0,0.0,0.0,0,0.0,0 days,2025-09-05 09:11:33.385014,2025-09-05 09:11:33.385014,2025-09-05 09:11:33.385014
29,UNKNOWN,0.0,3.8842,1.415993,BUY,0.0,0.0,0.0,0.0,0,0.0,0 days,2025-09-05 09:12:39.621818,2025-09-05 09:12:39.621818,2025-09-05 09:12:39.621818
30,UNKNOWN,0.0,3.8842,1.415993,BUY,0.0,0.0,0.0,0.0,0,0.0,0 days,2025-09-05 09:13:45.861253,2025-09-05 09:13:45.861253,2025-09-05 09:13:45.861253
31,UNKNOWN,0.0,3.8842,1.415993,BUY,0.0,0.0,0.0,0.0,0,0.0,0 days,2025-09-05 09:14:51.922118,2025-09-05 09:14:51.922118,2025-09-05 09:14:51.922118
32,UNKNOWN,0.0,3.8842,1.415993,BUY,0.0,0.0,0.0,0.0,0,0.0,0 days,2025-09-05 09:15:57.980585,2025-09-05 09:15:57.980585,2025-09-05 09:15:57.980585
33,UNKNOWN,0.0,3.8842,1.415993,BUY,0.0,0.0,0.0,0.0,0,0.0,0 days,2025-09-05 09:17:04.220915,2025-09-05 09:17:04.220915,2025-09-05 09:17:04.220915
34,UNKNOWN,0.0,3.8842,1.415993,BUY,0.0,0.0,0.0,0.0,0,0.0,0 days,2025-09-05 09:18:10.644089,2025-09-05 09:18:10.644089,2025-09-05 09:18:10.644089
35,UNKNOWN,0.0,3.8842,1.415993,BUY,0.0,0.0,0.0,0.0,0,0.0,0 days,2025-09-05 09:19:16.703811,2025-09-05 09:19:16.703811,2025-09-05 09:19:16.703811
36,UNKNOWN,0.0,3.8842,1.415993,BUY,0.0,0.0,0.0,0.0,0,0.0,0 days,2025-09-05 09:20:22.942510,2025-09-05 09:20:22.942510,2025-09-05 09:20:22.942510
37,UNKNOWN,0.0,3.8842,1.415993,BUY,0.0,0.0,0.0,0.0,0,0.0,0 days,2025-09-05 09:21:29.186317,2025-09-05 09:21:29.186317,2025-09-05 09:21:29.186317
38,UNKNOWN,0.0,3.8842,1.415993,BUY,0.0,0.0,0.0,0.0,0,0.0,0 days,2025-09-05 09:22:35.240885,2025-09-05 09:22:35.240885,2025-09-05 09:22:35.240885
39,UNKNOWN,0.0,3.8842,1.415993,BUY,0.0,0.0,0.0,0.0,0,0.0,0 days,2025-09-05 09:23:41.845162,2025-09-05 09:23:41.845162,2025-09-05 09:23:41.845162
40,UNKNOWN,0.0,3.8842,1.415993,BUY,0.0,0.0,0.0,0.0,0,0.0,0 days,2025-09-05 09:24:48.260773,2025-09-05 09:24:48.260773,2025-09-05 09:24:48.260773
41,UNKNOWN,0.0,3.8842,1.415993,BUY,0.0,0.0,0.0,0.0,0,0.0,0 days,2025-09-05 09:25:54.316733,2025-09-05 09:25:54.316733,2025-09-05 09:25:54.316733
42,UNKNOWN,0.0,3.8842,1.415993,BUY,0.0,0.0,0.0,0.0,0,0.0,0 days,2025-09-05 09:27:00.739252,2025-09-05 09:27:00.739252,2025-09-05 09:27:00.739252
43,UNKNOWN,0.0,3.8842,1.415993,BUY,0.0,0.0,0.0,0.0,0,0.0,0 days,2025-09-05 09:28:06.804814,2025-09-05 09:28:06.804814,2025-09-05 09:28:06.804814
44,UNKNOWN,0.0,3.8842,1.415993,BUY,0.0,0.0,0.0,0.0,0,0.0,0 days,2025-09-05 09:29:13.043202,2025-09-05 09:29:13.043202,2025-09-05 09:29:13.043202
45,UNKNOWN,0.0,3.8842,1.415993,BUY,0.0,0.0,0.0,0.0,0,0.0,0 days,2025-09-05 09:30:19.103642,2025-09-05 09:30:19.103642,2025-09-05 09:30:19.103642
46,UNKNOWN,0.0,3.8842,1.415993,BUY,0.0,0.0,0.0,0.0,0,0.0,0 days,2025-09-05 09:31:25.163171,2025-09-05 09:31:25.163171,2025-09-05 09:31:25.163171
47,UNKNOWN,0.0,3.8842,1.415993,BUY,0.0,0.0,0.0,0.0,0,0.0,0 days,2025-09-05 09:32:31.946765,2025-09-05 09:32:31.946765,2025-09-05 09:32:31.946765
48,UNKNOWN,0.0,3.8842,1.415993,BUY,0.0,0.0,0.0,0.0,0,0.0,0 days,2025-09-05 09:33:38.204831,2025-09-05 09:33:38.204831,2025-09-05 09:33:38.204831
49,UNKNOWN,0.0,3.8842,1.415993,BUY,0.0,0.0,0.0,0.0,0,0.0,0 days,2025-09-05 09:34:44.258774,2025-09-05 09:34:44.258774,2025-09-05 09:34:44.258774
50,UNKNOWN,0.0,3.8842,1.415993,BUY,0.0,0.0,0.0,0.0,0,0.0,0 days,2025-09-05 09:35:50.322471,2025-09-05 09:35:50.322471,2025-09-05 09:35:50.322471
51,UNKNOWN,0.0,3.8842,1.415993,BUY,0.0,0.0,0.0,0.0,0,0.0,0 days,2025-09-05 09:36:56.379393,2025-09-05 09:36:56.379393,2025-09-05 09:36:56.379393
52,UNKNOWN,0.0,3.8842,1.415993,BUY,0.0,0.0,0.0,0.0,0,0.0,0 days,2025-09-05 09:38:02.803769,2025-09-05 09:38:02.803769,2025-09-05 09:38:02.803769
53,UNKNOWN,0.0,3.8842,1.415993,BUY,0.0,0.0,0.0,0.0,0,0.0,0 days,2025-09-05 09:39:09.399001,2025-09-05 09:39:09.399001,2025-09-05 09:39:09.399001
54,UNKNOWN,0.0,3.8842,1.415993,BUY,0.0,0.0,0.0,0.0,0,0.0,0 days,2025-09-05 09:40:15.459486,2025-09-05 09:40:15.459486,2025-09-05 09:40:15.459486
55,UNKNOWN,0.0,3.8842,1.415993,BUY,0.0,0.0,0.0,0.0,0,0.0,0 days,2025-09-05 09:41:21.874445,2025-09-05 09:41:21.874445,2025-09-05 09:41:21.874445
56,UNKNOWN,0.0,3.8842,1.415993,BUY,0.0,0.0,0.0,0.0,0,0.0,0 days,2025-09-05 09:42:27.944757,2025-09-05 09:42:27.944757,2025-09-05 09:42:27.944757
57,UNKNOWN,0.0,3.8842,1.415993,BUY,0.0,0.0,0.0,0.0,0,0.0,0 days,2025-09-05 09:43:34.002573,2025-09-05 09:43:34.002573,2025-09-05 09:43:34.002573
58,UNKNOWN,0.0,3.8842,1.415993,BUY,0.0,0.0,0.0,0.0,0,0.0,0 days,2025-09-05 09:44:40.605984,2025-09-05 09:44:40.605984,2025-09-05 09:44:40.605984
59,UNKNOWN,0.0,3.8842,1.415993,BUY,0.0,0.0,0.0,0.0,0,0.0,0 days,2025-09-05 09:45:46.672501,2025-09-05 09:45:46.672501,2025-09-05 09:45:46.672501
60,UNKNOWN,0.0,3.8842,1.415993,BUY,0.0,0.0,0.0,0.0,0,0.0,0 days,2025-09-05 09:46:52.908248,2025-09-05 09:46:52.908248,2025-09-05 09:46:52.908248
61,UNKNOWN,0.0,3.8842,1.415993,BUY,0.0,0.0,0.0,0.0,0,0.0,0 days,2025-09-05 09:47:58.975132,2025-09-05 09:47:58.975132,2025-09-05 09:47:58.975132
62,UNKNOWN,0.0,3.8842,1.415993,BUY,0.0,0.0,0.0,0.0,0,0.0,0 days,2025-09-05 09:49:05.039924,2025-09-05 09:49:05.039924,2025-09-05 09:49:05.039924
63,UNKNOWN,0.0,3.8842,1.415993,BUY,0.0,0.0,0.0,0.0,0,0.0,0 days,2025-09-05 09:50:11.277898,2025-09-05 09:50:11.277898,2025-09-05 09:50:11.277898
64,UNKNOWN,0.0,3.8842,1.415993,BUY,0.0,0.0,0.0,0.0,0,0.0,0 days,2025-09-05 09:51:17.341243,2025-09-05 09:51:17.341243,2025-09-05 09:51:17.341243
65,UNKNOWN,0.0,3.8842,1.415993,BUY,0.0,0.0,0.0,0.0,0,0.0,0 days,2025-09-05 09:52:23.582592,2025-09-05 09:52:23.582592,2025-09-05 09:52:23.582592
66,UNKNOWN,0.0,3.8842,1.415993,BUY,0.0,0.0,0.0,0.0,0,0.0,0 days,2025-09-05 09:53:29.816020,2025-09-05 09:53:29.816020,2025-09-05 09:53:29.816020
67,UNKNOWN,0.0,3.8842,1.415993,BUY,0.0,0.0,0.0,0.0,0,0.0,0 days,2025-09-05 09:54:36.418404,2025-09-05 09:54:36.418404,2025-09-05 09:54:36.418404
68,UNKNOWN,0.0,3.8842,1.415993,BUY,0.0,0.0,0.0,0.0,0,0.0,0 days,2025-09-05 09:55:42.649840,2025-09-05 09:55:42.649840,2025-09-05 09:55:42.649840
69,UNKNOWN,0.0,3.8842,1.415993,BUY,0.0,0.0,0.0,0.0,0,0.0,0 days,2025-09-05 09:56:48.705835,2025-09-05 09:56:48.705835,2025-09-05 09:56:48.705835
70,UNKNOWN,0.0,3.8842,1.415993,BUY,0.0,0.0,0.0,0.0,0,0.0,0 days,2025-09-05 09:57:54.765093,2025-09-05 09:57:54.765093,2025-09-05 09:57:54.765093
71,UNKNOWN,0.0,3.8842,1.415993,BUY,0.0,0.0,0.0,0.0,0,0.0,0 days,2025-09-05 09:59:00.999803,2025-09-05 09:59:00.999803,2025-09-05 09:59:00.999803
72,UNKNOWN,0.0,3.8842,1.415993,BUY,0.0,0.0,0.0,0.0,0,0.0,0 days,2025-09-05 10:00:07.056358,2025-09-05 10:00:07.056358,2025-09-05 10:00:07.056358
73,UNKNOWN,0.0,3.8842,1.415993,BUY,0.0,0.0,0.0,0.0,0,0.0,0 days,2025-09-05 10:01:13.288720,2025-09-05 10:01:13.288720,2025-09-05 10:01:13.288720
74,UNKNOWN,0.0,3.8842,1.415993,BUY,0.0,0.0,0.0,0.0,0,0.0,0 days,2025-09-05 10:02:19.350486,2025-09-05 10:02:19.350486,2025-09-05 10:02:19.350486
75,UNKNOWN,0.0,3.8842,1.415993,BUY,0.0,0.0,0.0,0.0,0,0.0,0 days,2025-09-05 10:03:25.585573,2025-09-05 10:03:25.585573,2025-09-05 10:03:25.585573
76,UNKNOWN,0.0,3.8842,1.415993,BUY,0.0,0.0,0.0,0.0,0,0.0,0 days,2025-09-05 10:04:31.651795,2025-09-05 10:04:31.651795,2025-09-05 10:04:31.651795
77,UNKNOWN,0.0,3.8842,1.415993,BUY,0.0,0.0,0.0,0.0,0,0.0,0 days,2025-09-05 10:05:38.065397,2025-09-05 10:05:38.065397,2025-09-05 10:05:38.065397
78,UNKNOWN,0.0,126432.54,0.001,SELL,0.0,0.0,0.0,0.0,0,0.0,0 days,2025-09-05 11:05:11.040999,2025-09-05 11:05:11.040999,2025-09-05 11:05:11.040999
79,UNKNOWN,0.0,127570.44,0.001,SELL,0.0,0.0,0.0,0.0,0,0.0,0 days,2025-09-05 11:06:17.283832,2025-09-05 11:06:17.283832,2025-09-05 11:06:17.283832
80,UNKNOWN,0.0,130318.69,0.001,SELL,0.0,0.0,0.0,0.0,0,0.0,0 days,2025-09-05 11:07:23.343170,2025-09-05 11:07:23.343170,2025-09-05 11:07:23.343170
81,UNKNOWN,0.0,132131.17,0.001,SELL,0.0,0.0,0.0,0.0,0,0.0,0 days,2025-09-05 11:08:29.583343,2025-09-05 11:08:29.583343,2025-09-05 11:08:29.583343
82,UNKNOWN,0.0,132295.47,0.001,SELL,0.0,0.0,0.0,0.0,0,0.0,0 days,2025-09-05 11:09:35.651933,2025-09-05 11:09:35.651933,2025-09-05 11:09:35.651933
83,UNKNOWN,0.0,133933.68,0.001,SELL,0.0,0.0,0.0,0.0,0,0.0,0 days,2025-09-05 11:10:41.887041,2025-09-05 11:10:41.887041,2025-09-05 11:10:41.887041
84,UNKNOWN,0.0,3.8516,1.415993,BUY,0.0,0.0,0.0,0.0,0,0.0,0 days,2025-09-05 11:10:45.681826,2025-09-05 11:10:45.681826,2025-09-05 11:10:45.681826
85,UNKNOWN,0.0,135033.24,0.001,SELL,0.0,0.0,0.0,0.0,0,0.0,0 days,2025-09-05 11:11:47.948977,2025-09-05 11:11:47.948977,2025-09-05 11:11:47.948977
86,UNKNOWN,0.0,3.8516,1.415993,BUY,0.0,0.0,0.0,0.0,0,0.0,0 days,2025-09-05 11:11:51.745933,2025-09-05 11:11:51.745933,2025-09-05 11:11:51.745933
87,UNKNOWN,0.0,136695.05,0.001,SELL,0.0,0.0,0.0,0.0,0,0.0,0 days,2025-09-05 11:12:54.011624,2025-09-05 11:12:54.011624,2025-09-05 11:12:54.011624
88,UNKNOWN,0.0,3.8516,1.415993,BUY,0.0,0.0,0.0,0.0,0,0.0,0 days,2025-09-05 11:12:57.802612,2025-09-05 11:12:57.802612,2025-09-05 11:12:57.802612
89,UNKNOWN,0.0,137822.06,0.001,SELL,0.0,0.0,0.0,0.0,0,0.0,0 days,2025-09-05 11:14:00.067971,2025-09-05 11:14:00.067971,2025-09-05 11:14:00.067971
90,UNKNOWN,0.0,3.8516,1.415993,BUY,0.0,0.0,0.0,0.0,0,0.0,0 days,2025-09-05 11:14:03.864693,2025-09-05 11:14:03.864693,2025-09-05 11:14:03.864693
91,UNKNOWN,0.0,139420.57,0.001,SELL,0.0,0.0,0.0,0.0,0,0.0,0 days,2025-09-05 11:15:06.131562,2025-09-05 11:15:06.131562,2025-09-05 11:15:06.131562
92,UNKNOWN,0.0,3.8516,1.415993,BUY,0.0,0.0,0.0,0.0,0,0.0,0 days,2025-09-05 11:15:10.463978,2025-09-05 11:15:10.463978,2025-09-05 11:15:10.463978
93,UNKNOWN,0.0,141004.35,0.001,SELL,0.0,0.0,0.0,0.0,0,0.0,0 days,2025-09-05 11:16:12.730089,2025-09-05 11:16:12.730089,2025-09-05 11:16:12.730089
94,UNKNOWN,0.0,3.8516,1.415993,BUY,0.0,0.0,0.0,0.0,0,0.0,0 days,2025-09-05 11:16:16.702616,2025-09-05 11:16:16.702616,2025-09-05 11:16:16.702616
95,UNKNOWN,0.0,142416.17,0.001,SELL,0.0,0.0,0.0,0.0,0,0.0,0 days,2025-09-05 11:17:18.967777,2025-09-05 11:17:18.967777,2025-09-05 11:17:18.967777
96,UNKNOWN,0.0,3.8516,1.415993,BUY,0.0,0.0,0.0,0.0,0,0.0,0 days,2025-09-05 11:17:22.758339,2025-09-05 11:17:22.758339,2025-09-05 11:17:22.758339
97,UNKNOWN,0.0,140429.56,0.001,SELL,0.0,0.0,0.0,0.0,0,0.0,0 days,2025-09-05 11:18:25.029983,2025-09-05 11:18:25.029983,2025-09-05 11:18:25.029983
98,UNKNOWN,0.0,3.8516,1.415993,BUY,0.0,0.0,0.0,0.0,0,0.0,0 days,2025-09-05 11:18:28.826887,2025-09-05 11:18:28.826887,2025-09-05 11:18:28.826887
99,UNKNOWN,0.0,139718.42,0.001,SELL,0.0,0.0,0.0,0.0,0,0.0,0 days,2025-09-05 11:19:31.632852,2025-09-05 11:19:31.632852,2025-09-05 11:19:31.632852
100,UNKNOWN,0.0,3.8516,1.415993,BUY,0.0,0.0,0.0,0.0,0,0.0,0 days,2025-09-05 11:19:35.610613,2025-09-05 11:19:35.610613,2025-09-05 11:19:35.610613
101,UNKNOWN,0.0,140277.05,0.001,SELL,0.0,0.0,0.0,0.0,0,0.0,0 days,2025-09-05 11:20:37.876058,2025-09-05 11:20:37.876058,2025-09-05 11:20:37.876058
102,UNKNOWN,0.0,3.8516,1.415993,BUY,0.0,0.0,0.0,0.0,0,0.0,0 days,2025-09-05 11:20:41.851655,2025-09-05 11:20:41.851655,2025-09-05 11:20:41.851655
103,UNKNOWN,0.0,142789.02,0.001,SELL,0.0,0.0,0.0,0.0,0,0.0,0 days,2025-09-05 11:21:44.117187,2025-09-05 11:21:44.117187,2025-09-05 11:21:44.117187
104,UNKNOWN,0.0,3.8516,1.415993,BUY,0.0,0.0,0.0,0.0,0,0.0,0 days,2025-09-05 11:21:47.911123,2025-09-05 11:21:47.911123,2025-09-05 11:21:47.911123
105,UNKNOWN,0.0,135273.56,0.001,SELL,0.0,0.0,0.0,0.0,0,0.0,0 days,2025-09-05 11:22:50.179397,2025-09-05 11:22:50.179397,2025-09-05 11:22:50.179397
106,UNKNOWN,0.0,3.8516,1.415993,BUY,0.0,0.0,0.0,0.0,0,0.0,0 days,2025-09-05 11:22:53.973187,2025-09-05 11:22:53.973187,2025-09-05 11:22:53.973187
107,UNKNOWN,0.0,137276.3,0.001,SELL,0.0,0.0,0.0,0.0,0,0.0,0 days,2025-09-05 11:23:56.238377,2025-09-05 11:23:56.238377,2025-09-05 11:23:56.238377
108,UNKNOWN,0.0,3.8516,1.415993,BUY,0.0,0.0,0.0,0.0,0,0.0,0 days,2025-09-05 11:24:00.390881,2025-09-05 11:24:00.390881,2025-09-05 11:24:00.390881
109,UNKNOWN,0.0,137957.03,0.001,SELL,0.0,0.0,0.0,0.0,0,0.0,0 days,2025-09-05 11:25:02.656387,2025-09-05 11:25:02.656387,2025-09-05 11:25:02.656387
110,UNKNOWN,0.0,3.8516,1.415993,BUY,0.0,0.0,0.0,0.0,0,0.0,0 days,2025-09-05 11:25:06.448861,2025-09-05 11:25:06.448861,2025-09-05 11:25:06.448861
111,UNKNOWN,0.0,3.8516,1.415993,BUY,0.0,0.0,0.0,0.0,0,0.0,0 days,2025-09-05 11:26:12.697017,2025-09-05 11:26:12.697017,2025-09-05 11:26:12.697017
112,UNKNOWN,0.0,136412.52,0.001,SELL,0.0,0.0,0.0,0.0,0,0.0,0 days,2025-09-05 11:27:14.963370,2025-09-05 11:27:14.963370,2025-09-05 11:27:14.963370
113,UNKNOWN,0.0,3.8516,1.415993,BUY,0.0,0.0,0.0,0.0,0,0.0,0 days,2025-09-05 11:27:18.757862,2025-09-05 11:27:18.757862,2025-09-05 11:27:18.757862
114,UNKNOWN,0.0,3.8516,1.415993,BUY,0.0,0.0,0.0,0.0,0,0.0,0 days,2025-09-05 11:28:24.828162,2025-09-05 11:28:24.828162,2025-09-05 11:28:24.828162
115,UNKNOWN,0.0,134587.8,0.001,SELL,0.0,0.0,0.0,0.0,0,0.0,0 days,2025-09-05 11:29:27.272231,2025-09-05 11:29:27.272231,2025-09-05 11:29:27.272231
116,UNKNOWN,0.0,134587.8,0.001,SELL,0.0,0.0,0.0,0.0,0,0.0,0 days,2025-09-05 11:30:33.338101,2025-09-05 11:30:33.338101,2025-09-05 11:30:33.338101
117,UNKNOWN,0.0,134587.8,0.001,SELL,0.0,0.0,0.0,0.0,0,0.0,0 days,2025-09-05 11:31:39.395931,2025-09-05 11:31:39.395931,2025-09-05 11:31:39.395931
118,UNKNOWN,0.0,134587.8,0.001,SELL,0.0,0.0,0.0,0.0,0,0.0,0 days,2025-09-05 11:32:45.810566,2025-09-05 11:32:45.810566,2025-09-05 11:32:45.810566
119,UNKNOWN,0.0,134318.62,0.001,SELL,0.0,0.0,0.0,0.0,0,0.0,0 days,2025-09-05 11:33:52.414818,2025-09-05 11:33:52.414818,2025-09-05 11:33:52.414818
120,UNKNOWN,0.0,135527.49,0.001,SELL,0.0,0.0,0.0,0.0,0,0.0,0 days,2025-09-05 11:34:59.375832,2025-09-05 11:34:59.375832,2025-09-05 11:34:59.375832
121,UNKNOWN,0.0,136473.74,0.001,SELL,0.0,0.0,0.0,0.0,0,0.0,0 days,2025-09-05 11:36:05.795695,2025-09-05 11:36:05.795695,2025-09-05 11:36:05.795695
122,UNKNOWN,0.0,138798.13,0.001,SELL,0.0,0.0,0.0,0.0,0,0.0,0 days,2025-09-05 11:37:11.858625,2025-09-05 11:37:11.858625,2025-09-05 11:37:11.858625
123,UNKNOWN,0.0,139003.2,0.001,SELL,0.0,0.0,0.0,0.0,0,0.0,0 days,2025-09-05 11:38:18.113950,2025-09-05 11:38:18.113950,2025-09-05 11:38:18.113950
124,UNKNOWN,0.0,139205.85,0.001,SELL,0.0,0.0,0.0,0.0,0,0.0,0 days,2025-09-05 11:39:24.174288,2025-09-05 11:39:24.174288,2025-09-05 11:39:24.174288
125,UNKNOWN,0.0,140218.63,0.001,SELL,0.0,0.0,0.0,0.0,0,0.0,0 days,2025-09-05 11:40:30.788498,2025-09-05 11:40:30.788498,2025-09-05 11:40:30.788498
126,UNKNOWN,0.0,141026.83,0.001,SELL,0.0,0.0,0.0,0.0,0,0.0,0 days,2025-09-05 11:41:36.844535,2025-09-05 11:41:36.844535,2025-09-05 11:41:36.844535
127,UNKNOWN,0.0,141228.62,0.001,SELL,0.0,0.0,0.0,0.0,0,0.0,0 days,2025-09-05 11:42:43.102662,2025-09-05 11:42:43.102662,2025-09-05 11:42:43.102662
128,UNKNOWN,0.0,141228.62,0.001,SELL,0.0,0.0,0.0,0.0,0,0.0,0 days,2025-09-05 11:43:49.163341,2025-09-05 11:43:49.163341,2025-09-05 11:43:49.163341
129,UNKNOWN,0.0,141430.77,0.001,SELL,0.0,0.0,0.0,0.0,0,0.0,0 days,2025-09-05 11:44:55.220094,2025-09-05 11:44:55.220094,2025-09-05 11:44:55.220094
130,UNKNOWN,0.0,141147.9,0.001,SELL,0.0,0.0,0.0,0.0,0,0.0,0 days,2025-09-05 11:46:01.284675,2025-09-05 11:46:01.284675,2025-09-05 11:46:01.284675
131,UNKNOWN,0.0,210784.5,0.001,BUY,0.0,0.0,0.0,0.0,0,0.0,0 days,2025-09-05 11:48:16.466526,2025-09-05 11:48:16.466526,2025-09-05 11:48:16.466526
132,UNKNOWN,0.0,204787.0,0.001,BUY,0.0,0.0,0.0,0.0,0,0.0,0 days,2025-09-05 11:49:22.525812,2025-09-05 11:49:22.525812,2025-09-05 11:49:22.525812
133,UNKNOWN,0.0,204787.0,0.001,BUY,0.0,0.0,0.0,0.0,0,0.0,0 days,2025-09-05 11:50:28.587211,2025-09-05 11:50:28.587211,2025-09-05 11:50:28.587211
134,UNKNOWN,0.0,201390.0,0.001,BUY,0.0,0.0,0.0,0.0,0,0.0,0 days,2025-09-05 12:21:21.803719,2025-09-05 12:21:21.803719,2025-09-05 12:21:21.803719
135,UNKNOWN,0.0,201390.0,0.001,BUY,0.0,0.0,0.0,0.0,0,0.0,0 days,2025-09-05 12:22:28.403146,2025-09-05 12:22:28.403146,2025-09-05 12:22:28.403146
136,UNKNOWN,0.0,201390.1,0.001,BUY,0.0,0.0,0.0,0.0,0,0.0,0 days,2025-09-05 12:23:34.459451,2025-09-05 12:23:34.459451,2025-09-05 12:23:34.459451
137,UNKNOWN,0.0,201390.1,0.001,BUY,0.0,0.0,0.0,0.0,0,0.0,0 days,2025-09-05 12:24:40.533127,2025-09-05 12:24:40.533127,2025-09-05 12:24:40.533127
138,UNKNOWN,0.0,201390.1,0.001,BUY,0.0,0.0,0.0,0.0,0,0.0,0 days,2025-09-05 12:25:46.595574,2025-09-05 12:25:46.595574,2025-09-05 12:25:46.595574
139,UNKNOWN,0.0,201390.1,0.001,BUY,0.0,0.0,0.0,0.0,0,0.0,0 days,2025-09-05 12:26:52.652878,2025-09-05 12:26:52.652878,2025-09-05 12:26:52.652878
140,UNKNOWN,0.0,201490.0,0.001,BUY,0.0,0.0,0.0,0.0,0,0.0,0 days,2025-09-05 12:27:58.713073,2025-09-05 12:27:58.713073,2025-09-05 12:27:58.713073
141,UNKNOWN,0.0,201390.0,0.001,BUY,0.0,0.0,0.0,0.0,0,0.0,0 days,2025-09-05 12:29:04.956864,2025-09-05 12:29:04.956864,2025-09-05 12:29:04.956864
142,UNKNOWN,0.0,201490.0,0.001,BUY,0.0,0.0,0.0,0.0,0,0.0,0 days,2025-09-05 12:30:11.552123,2025-09-05 12:30:11.552123,2025-09-05 12:30:11.552123
143,UNKNOWN,0.0,201390.1,0.001,BUY,0.0,0.0,0.0,0.0,0,0.0,0 days,2025-09-05 12:31:17.611661,2025-09-05 12:31:17.611661,2025-09-05 12:31:17.611661
144,UNKNOWN,0.0,143149.82,0.001,SELL,0.0,0.0,0.0,0.0,0,0.0,0 days,2025-09-05 12:32:21.320931,2025-09-05 12:32:21.320931,2025-09-05 12:32:21.320931
145,UNKNOWN,0.0,201490.0,0.001,BUY,0.0,0.0,0.0,0.0,0,0.0,0 days,2025-09-05 12:32:23.865115,2025-09-05 12:32:23.865115,2025-09-05 12:32:23.865115
146,UNKNOWN,0.0,144924.07,0.001,SELL,0.0,0.0,0.0,0.0,0,0.0,0 days,2025-09-05 12:33:27.393728,2025-09-05 12:33:27.393728,2025-09-05 12:33:27.393728
147,UNKNOWN,0.0,201490.0,0.001,BUY,0.0,0.0,0.0,0.0,0,0.0,0 days,2025-09-05 12:33:30.103325,2025-09-05 12:33:30.103325,2025-09-05 12:33:30.103325
148,UNKNOWN,0.0,146493.69,0.001,SELL,0.0,0.0,0.0,0.0,0,0.0,0 days,2025-09-05 12:34:33.636366,2025-09-05 12:34:33.636366,2025-09-05 12:34:33.636366
149,UNKNOWN,0.0,201490.0,0.001,BUY,0.0,0.0,0.0,0.0,0,0.0,0 days,2025-09-05 12:34:36.344564,2025-09-05 12:34:36.344564,2025-09-05 12:34:36.344564
150,UNKNOWN,0.0,147759.15,0.001,SELL,0.0,0.0,0.0,0.0,0,0.0,0 days,2025-09-05 12:35:39.874161,2025-09-05 12:35:39.874161,2025-09-05 12:35:39.874161
151,UNKNOWN,0.0,201490.0,0.001,BUY,0.0,0.0,0.0,0.0,0,0.0,0 days,2025-09-05 12:35:42.582901,2025-09-05 12:35:42.582901,2025-09-05 12:35:42.582901
152,UNKNOWN,0.0,149994.53,0.001,SELL,0.0,0.0,0.0,0.0,0,0.0,0 days,2025-09-05 12:36:46.290006,2025-09-05 12:36:46.290006,2025-09-05 12:36:46.290006
153,UNKNOWN,0.0,201490.0,0.001,BUY,0.0,0.0,0.0,0.0,0,0.0,0 days,2025-09-05 12:36:48.821209,2025-09-05 12:36:48.821209,2025-09-05 12:36:48.821209
154,UNKNOWN,0.0,151342.92,0.001,SELL,0.0,0.0,0.0,0.0,0,0.0,0 days,2025-09-05 12:37:52.353350,2025-09-05 12:37:52.353350,2025-09-05 12:37:52.353350
155,UNKNOWN,0.0,201490.0,0.001,BUY,0.0,0.0,0.0,0.0,0,0.0,0 days,2025-09-05 12:37:54.886281,2025-09-05 12:37:54.886281,2025-09-05 12:37:54.886281
156,UNKNOWN,0.0,153065.27,0.001,SELL,0.0,0.0,0.0,0.0,0,0.0,0 days,2025-09-05 12:38:58.412440,2025-09-05 12:38:58.412440,2025-09-05 12:38:58.412440
157,UNKNOWN,0.0,201490.0,0.001,BUY,0.0,0.0,0.0,0.0,0,0.0,0 days,2025-09-05 12:39:01.478241,2025-09-05 12:39:01.478241,2025-09-05 12:39:01.478241
158,UNKNOWN,0.0,153140.61,0.001,SELL,0.0,0.0,0.0,0.0,0,0.0,0 days,2025-09-05 12:40:05.018808,2025-09-05 12:40:05.018808,2025-09-05 12:40:05.018808
159,UNKNOWN,0.0,201490.0,0.001,BUY,0.0,0.0,0.0,0.0,0,0.0,0 days,2025-09-05 12:40:07.729504,2025-09-05 12:40:07.729504,2025-09-05 12:40:07.729504
160,UNKNOWN,0.0,156650.45,0.001,SELL,0.0,0.0,0.0,0.0,0,0.0,0 days,2025-09-05 12:41:11.290646,2025-09-05 12:41:11.290646,2025-09-05 12:41:11.290646
161,UNKNOWN,0.0,201490.0,0.001,BUY,0.0,0.0,0.0,0.0,0,0.0,0 days,2025-09-05 12:41:13.835664,2025-09-05 12:41:13.835664,2025-09-05 12:41:13.835664
162,UNKNOWN,0.0,158163.36,0.001,SELL,0.0,0.0,0.0,0.0,0,0.0,0 days,2025-09-05 12:42:17.380953,2025-09-05 12:42:17.380953,2025-09-05 12:42:17.380953
163,UNKNOWN,0.0,201540.0,0.001,BUY,0.0,0.0,0.0,0.0,0,0.0,0 days,2025-09-05 12:42:20.104752,2025-09-05 12:42:20.104752,2025-09-05 12:42:20.104752
164,UNKNOWN,0.0,159676.07,0.001,SELL,0.0,0.0,0.0,0.0,0,0.0,0 days,2025-09-05 12:43:23.649253,2025-09-05 12:43:23.649253,2025-09-05 12:43:23.649253
165,UNKNOWN,0.0,201540.0,0.001,BUY,0.0,0.0,0.0,0.0,0,0.0,0 days,2025-09-05 12:43:26.207114,2025-09-05 12:43:26.207114,2025-09-05 12:43:26.207114
166,UNKNOWN,0.0,156335.86,0.001,SELL,0.0,0.0,0.0,0.0,0,0.0,0 days,2025-09-05 12:44:29.744289,2025-09-05 12:44:29.744289,2025-09-05 12:44:29.744289
167,UNKNOWN,0.0,201530.0,0.001,BUY,0.0,0.0,0.0,0.0,0,0.0,0 days,2025-09-05 12:44:32.816430,2025-09-05 12:44:32.816430,2025-09-05 12:44:32.816430
168,UNKNOWN,0.0,159999.0,0.001,SELL,0.0,0.0,0.0,0.0,0,0.0,0 days,2025-09-05 12:45:36.351197,2025-09-05 12:45:36.351197,2025-09-05 12:45:36.351197
169,UNKNOWN,0.0,201440.0,0.001,BUY,0.0,0.0,0.0,0.0,0,0.0,0 days,2025-09-05 12:45:38.880279,2025-09-05 12:45:38.880279,2025-09-05 12:45:38.880279
170,UNKNOWN,0.0,159999.0,0.001,SELL,0.0,0.0,0.0,0.0,0,0.0,0 days,2025-09-05 12:46:42.408383,2025-09-05 12:46:42.408383,2025-09-05 12:46:42.408383
171,UNKNOWN,0.0,201540.0,0.001,BUY,0.0,0.0,0.0,0.0,0,0.0,0 days,2025-09-05 12:46:45.184437,2025-09-05 12:46:45.184437,2025-09-05 12:46:45.184437
172,UNKNOWN,0.0,159999.0,0.001,SELL,0.0,0.0,0.0,0.0,0,0.0,0 days,2025-09-05 12:47:48.712470,2025-09-05 12:47:48.712470,2025-09-05 12:47:48.712470
173,UNKNOWN,0.0,159999.0,0.001,SELL,0.0,0.0,0.0,0.0,0,0.0,0 days,2025-09-05 12:48:54.951052,2025-09-05 12:48:54.951052,2025-09-05 12:48:54.951052
174,UNKNOWN,0.0,159999.0,0.001,SELL,0.0,0.0,0.0,0.0,0,0.0,0 days,2025-09-05 12:50:01.550768,2025-09-05 12:50:01.550768,2025-09-05 12:50:01.550768
175,UNKNOWN,0.0,201490.0,0.001,BUY,0.0,0.0,0.0,0.0,0,0.0,0 days,2025-09-05 12:50:04.079293,2025-09-05 12:50:04.079293,2025-09-05 12:50:04.079293
176,UNKNOWN,0.0,159999.0,0.001,SELL,0.0,0.0,0.0,0.0,0,0.0,0 days,2025-09-05 12:51:07.610087,2025-09-05 12:51:07.610087,2025-09-05 12:51:07.610087
177,UNKNOWN,0.0,159999.0,0.001,SELL,0.0,0.0,0.0,0.0,0,0.0,0 days,2025-09-05 12:52:13.679230,2025-09-05 12:52:13.679230,2025-09-05 12:52:13.679230
178,UNKNOWN,0.0,159999.0,0.001,SELL,0.0,0.0,0.0,0.0,0,0.0,0 days,2025-09-05 12:53:19.954004,2025-09-05 12:53:19.954004,2025-09-05 12:53:19.954004
179,UNKNOWN,0.0,159999.0,0.001,SELL,0.0,0.0,0.0,0.0,0,0.0,0 days,2025-09-05 12:54:26.062577,2025-09-05 12:54:26.062577,2025-09-05 12:54:26.062577
180,UNKNOWN,0.0,159999.0,0.001,SELL,0.0,0.0,0.0,0.0,0,0.0,0 days,2025-09-05 12:55:32.178499,2025-09-05 12:55:32.178499,2025-09-05 12:55:32.178499
181,UNKNOWN,0.0,159999.0,0.001,SELL,0.0,0.0,0.0,0.0,0,0.0,0 days,2025-09-05 12:56:38.263443,2025-09-05 12:56:38.263443,2025-09-05 12:56:38.263443
182,UNKNOWN,0.0,159999.0,0.001,SELL,0.0,0.0,0.0,0.0,0,0.0,0 days,2025-09-05 12:57:44.336296,2025-09-05 12:57:44.336296,2025-09-05 12:57:44.336296
183,UNKNOWN,0.0,159999.0,0.001,SELL,0.0,0.0,0.0,0.0,0,0.0,0 days,2025-09-05 12:58:50.684172,2025-09-05 12:58:50.684172,2025-09-05 12:58:50.684172
184,UNKNOWN,0.0,155252.03,0.001,SELL,0.0,0.0,0.0,0.0,0,0.0,0 days,2025-09-05 12:59:56.768930,2025-09-05 12:59:56.768930,2025-09-05 12:59:56.768930
185,UNKNOWN,0.0,154728.28,0.001,SELL,0.0,0.0,0.0,0.0,0,0.0,0 days,2025-09-05 13:01:02.869670,2025-09-05 13:01:02.869670,2025-09-05 13:01:02.869670
186,UNKNOWN,0.0,155904.53,0.001,SELL,0.0,0.0,0.0,0.0,0,0.0,0 days,2025-09-05 13:02:09.361918,2025-09-05 13:02:09.361918,2025-09-05 13:02:09.361918
187,UNKNOWN,0.0,155904.53,0.001,SELL,0.0,0.0,0.0,0.0,0,0.0,0 days,2025-09-05 13:03:15.468456,2025-09-05 13:03:15.468456,2025-09-05 13:03:15.468456
188,UNKNOWN,0.0,155904.53,0.001,SELL,0.0,0.0,0.0,0.0,0,0.0,0 days,2025-09-05 13:04:21.795334,2025-09-05 13:04:21.795334,2025-09-05 13:04:21.795334
189,UNKNOWN,0.0,155548.1,0.001,SELL,0.0,0.0,0.0,0.0,0,0.0,0 days,2025-09-05 13:06:34.186322,2025-09-05 13:06:34.186322,2025-09-05 13:06:34.186322
190,UNKNOWN,0.0,155548.1,0.001,SELL,0.0,0.0,0.0,0.0,0,0.0,0 days,2025-09-05 13:07:40.638361,2025-09-05 13:07:40.638361,2025-09-05 13:07:40.638361
191,UNKNOWN,0.0,155548.1,0.001,SELL,0.0,0.0,0.0,0.0,0,0.0,0 days,2025-09-05 13:08:46.735305,2025-09-05 13:08:46.735305,2025-09-05 13:08:46.735305
192,UNKNOWN,0.0,155548.1,0.001,SELL,0.0,0.0,0.0,0.0,0,0.0,0 days,2025-09-05 13:09:52.825394,2025-09-05 13:09:52.825394,2025-09-05 13:09:52.825394
193,UNKNOWN,0.0,155192.48,0.001,SELL,0.0,0.0,0.0,0.0,0,0.0,0 days,2025-09-05 13:12:05.030987,2025-09-05 13:12:05.030987,2025-09-05 13:12:05.030987
194,UNKNOWN,0.0,155192.48,0.001,SELL,0.0,0.0,0.0,0.0,0,0.0,0 days,2025-09-05 13:13:11.144308,2025-09-05 13:13:11.144308,2025-09-05 13:13:11.144308
195,UNKNOWN,0.0,155192.48,0.001,SELL,0.0,0.0,0.0,0.0,0,0.0,0 days,2025-09-05 13:14:17.255527,2025-09-05 13:14:17.255527,2025-09-05 13:14:17.255527
196,UNKNOWN,0.0,154837.67,0.001,SELL,0.0,0.0,0.0,0.0,0,0.0,0 days,2025-09-05 13:15:23.544276,2025-09-05 13:15:23.544276,2025-09-05 13:15:23.544276
197,UNKNOWN,0.0,154837.67,0.001,SELL,0.0,0.0,0.0,0.0,0,0.0,0 days,2025-09-05 13:16:29.844223,2025-09-05 13:16:29.844223,2025-09-05 13:16:29.844223
198,UNKNOWN,0.0,154837.67,0.001,SELL,0.0,0.0,0.0,0.0,0,0.0,0 days,2025-09-05 13:17:36.652447,2025-09-05 13:17:36.652447,2025-09-05 13:17:36.652447
199,UNKNOWN,0.0,158901.09,0.001,SELL,0.0,0.0,0.0,0.0,0,0.0,0 days,2025-09-05 13:18:43.279130,2025-09-05 13:18:43.279130,2025-09-05 13:18:43.279130
200,UNKNOWN,0.0,154550.74,0.001,SELL,0.0,0.0,0.0,0.0,0,0.0,0 days,2025-09-05 13:19:49.569897,2025-09-05 13:19:49.569897,2025-09-05 13:19:49.569897
201,UNKNOWN,0.0,155008.54,0.001,SELL,0.0,0.0,0.0,0.0,0,0.0,0 days,2025-09-05 13:25:21.214413,2025-09-05 13:25:21.214413,2025-09-05 13:25:21.214413
202,UNKNOWN,0.0,155008.54,0.001,SELL,0.0,0.0,0.0,0.0,0,0.0,0 days,2025-09-05 13:26:27.497590,2025-09-05 13:26:27.497590,2025-09-05 13:26:27.497590
203,UNKNOWN,0.0,155008.54,0.001,SELL,0.0,0.0,0.0,0.0,0,0.0,0 days,2025-09-05 13:27:33.796427,2025-09-05 13:27:33.796427,2025-09-05 13:27:33.796427
204,UNKNOWN,0.0,155008.54,0.001,SELL,0.0,0.0,0.0,0.0,0,0.0,0 days,2025-09-05 13:28:40.480149,2025-09-05 13:28:40.480149,2025-09-05 13:28:40.480149
205,UNKNOWN,0.0,155008.54,0.001,SELL,0.0,0.0,0.0,0.0,0,0.0,0 days,2025-09-05 13:29:47.173185,2025-09-05 13:29:47.173185,2025-09-05 13:29:47.173185
206,UNKNOWN,0.0,157989.42,0.001,SELL,0.0,0.0,0.0,0.0,0,0.0,0 days,2025-09-05 14:15:05.395957,2025-09-05 14:15:05.395957,2025-09-05 14:15:05.395957
207,UNKNOWN,0.0,159408.59,0.001,SELL,0.0,0.0,0.0,0.0,0,0.0,0 days,2025-09-05 14:21:42.725390,2025-09-05 14:21:42.725390,2025-09-05 14:21:42.725390
208,UNKNOWN,0.0,159999.0,0.001,SELL,0.0,0.0,0.0,0.0,0,0.0,0 days,2025-09-05 14:22:48.811644,2025-09-05 14:22:48.811644,2025-09-05 14:22:48.811644
209,UNKNOWN,0.0,159999.0,0.001,SELL,0.0,0.0,0.0,0.0,0,0.0,0 days,2025-09-05 14:23:55.054301,2025-09-05 14:23:55.054301,2025-09-05 14:23:55.054301
210,UNKNOWN,0.0,159999.0,0.001,SELL,0.0,0.0,0.0,0.0,0,0.0,0 days,2025-09-05 14:25:02.199947,2025-09-05 14:25:02.199947,2025-09-05 14:25:02.199947
211,UNKNOWN,0.0,164354.55,0.001,SELL,0.0,0.0,0.0,0.0,0,0.0,0 days,2025-09-05 16:27:31.997974,2025-09-05 16:27:31.997974,2025-09-05 16:27:31.997974
212,UNKNOWN,0.0,167813.16,0.001,SELL,0.0,0.0,0.0,0.0,0,0.0,0 days,2025-09-05 16:28:38.079277,2025-09-05 16:28:38.079277,2025-09-05 16:28:38.079277
213,UNKNOWN,0.0,171734.95,0.001,SELL,0.0,0.0,0.0,0.0,0,0.0,0 days,2025-09-05 16:29:44.133483,2025-09-05 16:29:44.133483,2025-09-05 16:29:44.133483
214,UNKNOWN,0.0,173975.72,0.001,SELL,0.0,0.0,0.0,0.0,0,0.0,0 days,2025-09-05 16:30:50.221272,2025-09-05 16:30:50.221272,2025-09-05 16:30:50.221272
215,UNKNOWN,0.0,177074.05,0.001,SELL,0.0,0.0,0.0,0.0,0,0.0,0 days,2025-09-05 16:31:56.295021,2025-09-05 16:31:56.295021,2025-09-05 16:31:56.295021
216,UNKNOWN,0.0,178853.32,0.001,SELL,0.0,0.0,0.0,0.0,0,0.0,0 days,2025-09-05 16:33:02.351551,2025-09-05 16:33:02.351551,2025-09-05 16:33:02.351551
217,UNKNOWN,0.0,182331.0,0.001,SELL,0.0,0.0,0.0,0.0,0,0.0,0 days,2025-09-05 16:34:08.771841,2025-09-05 16:34:08.771841,2025-09-05 16:34:08.771841
218,UNKNOWN,0.0,183849.38,0.001,SELL,0.0,0.0,0.0,0.0,0,0.0,0 days,2025-09-05 16:35:15.005017,2025-09-05 16:35:15.005017,2025-09-05 16:35:15.005017
219,UNKNOWN,0.0,183764.85,0.001,SELL,0.0,0.0,0.0,0.0,0,0.0,0 days,2025-09-05 16:36:21.241547,2025-09-05 16:36:21.241547,2025-09-05 16:36:21.241547
220,UNKNOWN,0.0,187132.18,0.001,SELL,0.0,0.0,0.0,0.0,0,0.0,0 days,2025-09-05 16:37:27.310795,2025-09-05 16:37:27.310795,2025-09-05 16:37:27.310795
221,UNKNOWN,0.0,187342.63,0.001,SELL,0.0,0.0,0.0,0.0,0,0.0,0 days,2025-09-05 16:38:33.367592,2025-09-05 16:38:33.367592,2025-09-05 16:38:33.367592
222,UNKNOWN,0.0,189009.71,0.001,SELL,0.0,0.0,0.0,0.0,0,0.0,0 days,2025-09-05 16:39:39.426935,2025-09-05 16:39:39.426935,2025-09-05 16:39:39.426935
223,UNKNOWN,0.0,192145.14,0.001,SELL,0.0,0.0,0.0,0.0,0,0.0,0 days,2025-09-05 16:40:45.489996,2025-09-05 16:40:45.489996,2025-09-05 16:40:45.489996
224,UNKNOWN,0.0,195246.57,0.001,SELL,0.0,0.0,0.0,0.0,0,0.0,0 days,2025-09-05 16:41:51.577949,2025-09-05 16:41:51.577949,2025-09-05 16:41:51.577949
225,UNKNOWN,0.0,197578.66,0.001,SELL,0.0,0.0,0.0,0.0,0,0.0,0 days,2025-09-05 16:42:57.637564,2025-09-05 16:42:57.637564,2025-09-05 16:42:57.637564
226,UNKNOWN,0.0,199999.98,0.001,SELL,0.0,0.0,0.0,0.0,0,0.0,0 days,2025-09-05 16:44:03.919744,2025-09-05 16:44:03.919744,2025-09-05 16:44:03.919744
227,UNKNOWN,0.0,199999.98,0.001,SELL,0.0,0.0,0.0,0.0,0,0.0,0 days,2025-09-05 16:45:10.000630,2025-09-05 16:45:10.000630,2025-09-05 16:45:10.000630
228,UNKNOWN,0.0,199999.98,0.001,SELL,0.0,0.0,0.0,0.0,0,0.0,0 days,2025-09-05 16:46:16.077036,2025-09-05 16:46:16.077036,2025-09-05 16:46:16.077036
229,UNKNOWN,0.0,186321.74,0.001,SELL,0.0,0.0,0.0,0.0,0,0.0,0 days,2025-09-05 16:47:22.131855,2025-09-05 16:47:22.131855,2025-09-05 16:47:22.131855
230,UNKNOWN,0.0,161.69,0.027127,BUY,0.0,0.0,0.0,0.0,0,0.0,0 days,2025-09-05 19:59:37.955886,2025-09-05 19:59:37.955886,2025-09-05 19:59:37.955886
